jtc_id,is_client,name
JTC001105,0,180 Multi Family Management
JTC000324,0,1st Lake Properties
JTC000956,0,3 Points Properties
JTC000648,0,3rd Group Properties
JTC001165,0,A & G Management
JTC001106,0,A Green Property Manager
JTC000537,0,Abacus
JTC000326,0,Abbey Residential
JTC000957,0,Acco Management Co.
JTC000307,0,Accolade Property Management
JTC000808,0,Adams LaSalle Realty
JTC000308,0,Adara Communities
JTC000460,0,Adellco
JTC000504,0,Advanced Management Company
JTC000649,0,Advenir
JTC001166,0,Affinity Living Communities
JTC000485,0,Affinity Properties
JTC000001,0,AIMCO
JTC001099,0,Aion Management
JTC000325,0,AJ Dwoskin
JTC000650,0,Al Angelo Company
JTC000477,0,Alanese Organization
JTC000633,0,Alco Management
JTC000651,0,Alexander Properties
JTC000958,0,Alleghany Partners LLC
JTC000002,0,Allen
JTC000809,0,Allen Harrison Company
JTC000959,0,"Allen Rocks, Inc."
JTC000003,0,Alliance Residential
JTC000117,0,Allied Orion Group
JTC000557,0,Allmark Properties
JTC000150,0,Alpha Barnes
JTC000309,0,Altman Management Company
JTC001124,0,Alton Management
JTC001167,0,Ambassador Management
JTC000176,0,Ambling Management
JTC000806,0,American Apartment Management
JTC000006,0,American Campus Communities
JTC001125,0,American Equity Properties
JTC000311,0,American Heritage
JTC000437,0,American Realty Advisors
JTC000177,0,American Realty Investors
JTC000810,0,AMG Realty Group
JTC000652,0,Amidi Group
JTC000007,0,AMLI
JTC000505,0,AMP Residential
JTC000312,0,Andover Management Group
JTC000433,0,Annex Student Living 
JTC000313,0,Anterra Management Corp
JTC000901,0,AON Wakeforest Inc
JTC000005,0,Apartment Management Consultants
JTC000162,0,Apartment Services
JTC000624,0,Appfolio Property Manager
JTC000383,0,Applied Management
JTC000653,0,Arbor Properties
JTC001168,0,Arbour Valley Management
JTC001107,0,Arcan Capital
JTC000008,0,Archon
JTC000009,0,Archstone
JTC000654,0,Ardmore Residential
JTC000552,0,Arlie & Company
JTC000655,0,Arlington Properties
JTC000812,0,Arnel Properties
JTC000656,0,Art Craft Management
JTC000179,0,Ascension Commercial Real Estate LP
JTC000902,0,Ashford Communities
JTC001169,0,Ashton Goodman
JTC000536,1,Aspen Heights
JTC000903,0,Aspen Management USA
JTC000180,0,Aspen Square Management
JTC000010,1,Asset Campus
JTC000960,0,Asset Management & Consulting Services (AMCS)
JTC000954,0,Asset Plus
JTC000332,0,Associated Management
JTC000904,0,Atlantic Housing Management
JTC000657,0,Atlantic Pacific Management
JTC000658,0,Atlantic Realty Partners
JTC001170,0,Atlas Realty Management
JTC000659,0,Atlas Residential USA
JTC001171,0,Atria
JTC000660,0,Audubon Communities
JTC000314,0,AV Property Management
JTC000011,0,AvalonBay Communities
JTC000535,0,Avenue5
JTC000438,0,Avesta Communities
JTC001172,0,AZ 1st Realty
JTC000661,0,B & M Management
JTC001297,0,B&F Properties
JTC000644,0,Baco Realty Corporation
JTC000502,0,Bainbridge Companies
JTC000542,0,Balfour Beatty
JTC000937,0,Balke Brown Transwestern
JTC000427,0,Banner Property Management
JTC001173,0,Banta Properties
JTC000961,0,"Banyan Equity Management, LLC"
JTC000182,0,Barge Properties Management Co Ltd
JTC000508,0,Barkan Management
JTC000662,0,Baron Properties
JTC001126,0,Barratt Asset Management
JTC000905,0,Barratt Asset Management LLC
JTC000302,0,Barrett and Stokely
JTC000798,0,Barrington Group Incorporated
JTC000962,0,Barron Management
JTC000663,0,Bassham Properties
JTC000664,0,Bay Management Corp.
JTC000333,0,Bay Shore Grove
JTC000963,0,BDMGRE
JTC000379,0,Beacon Communities
JTC000429,1,BECO Asset Management
JTC000665,0,Becovic Management Group
JTC000666,0,"Becovic Management Group, Inc."
JTC001127,0,Bedrock
JTC000480,0,Behringer Harvard
JTC000667,0,Belco Equities
JTC000813,0,Belgarde Property Services
JTC001108,0,"Belgarde Property Services, Inc"
JTC000012,0,Bell Apartment Living
JTC001128,0,"Bella Investment Group,LLC"
JTC000752,1,Benchmark Group
JTC000906,0,Beneicke Group
JTC000509,0,Berger Rental
JTC000013,0,Berkshire Property Advisors
JTC000558,0,Bernstein Management Corporation
JTC001163,0,Bespoke
JTC001109,0,Better Housing Colition
JTC000559,0,Better Living Management
JTC000668,0,Beztak
JTC000439,0,BF Saul
JTC000014,0,BH Management Services
JTC000814,0,BHC Management Company
JTC000500,0,Bigos Management
JTC000315,1,Billingsley Company
JTC000815,0,Birge & Held Asset Management
JTC000184,0,Blazer Real Estate Services LLC
JTC000554,0,BLDG Management
JTC001129,0,Block Multifamily Group
JTC000457,0,Blue Ocean Realty
JTC000498,0,Blue Ridge Companies
JTC001100,0,Blue Roc Premier
JTC000503,0,Blue Rock Partners
JTC000185,0,Bluebonnet Rentals
JTC000816,0,Bluestone Properties
JTC000369,0,BM Smith
JTC000334,0,BMI Management
JTC000964,0,BMW Management
JTC000669,0,BNB Management
JTC000186,0,BNC Real Estate
JTC000907,0,Bonaventure Realty Group
JTC000817,0,Bonner Carrington Property Management
JTC001174,0,Borger Management
JTC000187,0,Boxer Property Management Corp
JTC000913,0,Boyd Management
JTC000335,0,Boyd Wilson
JTC000015,1,Bozzuto
JTC000513,0,Braddock & Logan Services Inc.
JTC001104,1,Brant Point Properties
JTC000017,1,Breeden
JTC000413,0,BRG Realty Group
JTC000188,0,Bridge Investment Group Partners
JTC001175,0,Bridge Real Estate Group
JTC000189,0,Brightside Properties
JTC001110,0,Broad Management Group
JTC000336,0,Broadmoor
JTC000965,0,Broadway Properties
JTC000486,0,Broder & Sachse
JTC001176,0,Brookdale
JTC000818,0,Brookside Properties Inc.
JTC000560,0,Brookwood Management Co
JTC000966,0,"Brown Capital, LLLP"
JTC000670,0,Brown Investment Properties
JTC001177,0,BSC Holdings
JTC000190,0,BSR
JTC000301,0,Buckingham Companies
JTC000967,1,Buckingham Properties
JTC001178,0,Bunting Management
JTC000671,0,Burkely Communities
JTC001179,0,Burkely Communities
JTC000819,0,Burlington Capital
JTC000634,0,Burns Management
JTC000337,0,Burton Carol Management
JTC000561,0,Busboom Group
JTC000191,0,C&F Interests Inc
JTC000338,0,C&R Real Estate Services Co
JTC001187,0,C-Star Management
JTC000646,1,CA Ventures
JTC000750,0,Cabrillo Economic Development Corporation
JTC000820,0,CAF Management LLC
JTC000672,0,Cagan Management Group
JTC000339,0,Cal-Am Communities
JTC000803,0,Cal-American Corporation
JTC000620,0,CALCAP Properties
JTC000673,0,Calibrate Property Management
JTC000968,0,California Landmark
JTC000192,0,Cambridge Management Services Inc
JTC000018,0,Camden Property Trust
JTC000873,0,Cameron Properties
JTC000491,0,Campus Acquisitions
JTC000019,1,Campus Advantage
JTC000020,0,Campus Apartments
JTC000493,0,Campus Crest Communites
JTC000799,0,Campus Evolution Villages
JTC001103,0,Campus First
JTC000516,0,Campus Suites LLC
JTC000340,0,Canflor Real Estate Mangement
JTC000674,0,Capilano Properties
JTC001111,0,Capital Assets
JTC0009450,0,Capital Investment Group
JTC000021,0,CAPREIT
JTC000341,0,Caprop
JTC000562,0,Capstone Lifestyle
JTC001180,0,Capstone Multifamily Group
JTC000121,0,Capstone Real Estate Investments
JTC000635,1,Capstone Real Estate Services
JTC000821,0,Carbon Companies
JTC000342,1,Cardinal Group
JTC000343,0,Carlisle Residential Properties
JTC000969,0,Carlo Apartments Communities
JTC001181,0,Carlsbad Management Group
JTC000501,0,Carmel Partners
JTC000874,0,Carnegie Companies
JTC000811,0,Carollton Properties
JTC000875,0,Carr Property Group
JTC000675,0,Carroll Communities
JTC000344,0,Carter-Haston
JTC000385,0,Case and Associates
JTC000489,0,Casto
JTC000876,0,Catalyst Meadow Chase LLC
JTC000676,0,Cavalier Management
JTC000510,0,Caviness & Cates Property Management
JTC000877,0,CBS Rentals LLC
JTC001182,0,Cedar Valley Living
JTC000878,0,Cedarview Management
JTC000290,0,Centennial Holding Company
JTC000091,1,Centerstone
JTC000507,0,Centra Partners
JTC000193,0,CF Lane
JTC000822,0,CFC Properties
JTC000386,0,CFH Group
JTC000677,0,CGI Strategies
JTC000807,0,Chadnic Properties
JTC000678,0,Chamberlin & Associates Real Estate Management
JTC000970,0,Chandler Property Management
JTC001183,0,Chappell Hill Properties
JTC001184,0,Charger Properties
JTC000679,0,Charter Properties
JTC000680,0,"Charter Properties, Inc."
JTC000681,0,Chartwell Holdings
JTC000682,0,Chaucer Management
JTC000407,0,Chestnut Hill Realty
JTC000127,0,CHG
JTC000683,0,Churchill Forge Properties
JTC000514,0,Churchill Residential
JTC001300,0,City Club Apartments
JTC000684,0,City Gate Property Group
JTC000685,0,CKR Property Management
JTC001185,0,Class A Management
JTC000195,0,Classic Hearthstone Realty LLC
JTC000196,0,Claye Properties Inc
JTC000753,0,Clear Property Management
JTC000161,0,CLK Properties
JTC000022,0,CLV
JTC000801,0,CMC LLP
JTC000563,0,CMC Properties
JTC000971,0,CMG Leasing Inc.
JTC000804,0,Coastal Ridge Real Estate
JTC000488,0,Cohen Esrey LLC
JTC000496,0,CollegeTown Properties
JTC000073,0,Collier Companies
JTC000023,0,Colonial Properties Trust
JTC000492,0,Columbia Residential
JTC000197,0,Comcapp
JTC000422,1,Commercial Investment Properties
JTC000456,0,Companion Associates
JTC000198,0,CompassRock Real Estate
JTC000024,1,Concierge
JTC000025,0,Concord Management Limited
JTC000623,0,Condominiums Rental Service
JTC000381,0,Conlin Properties
JTC000346,0,Connor Group
JTC000026,1,Continental Properties
JTC000564,0,Continental Property Management
JTC000972,0,Continental Property Management LLC
JTC000347,0,Continental Realty Corporation
JTC000348,0,ContraVest Management
JTC000027,0,Corcoran Management
JTC000802,0,CORE Realty Holdings Management
JTC000973,0,Core Redevelopment LLC
JTC000797,0,Core Spaces
JTC000403,0,Corerva
JTC000793,0,Cornerstone
JTC000974,0,"Cornerstone Properties, Inc."
JTC001186,0,Cornerstone Residential Management
JTC000455,0,Corsa Management
JTC000199,0,Cortland Partners
JTC000349,0,Corum Real Estate Group
JTC000686,0,Corvias Campus Living
JTC000287,1,Cottonwood Residential
JTC000511,0,Cowboy Properties
JTC000975,0,Crawford Hoying
JTC000028,0,Cres Management Llc.
JTC000914,0,Crescent Communities
JTC000350,0,Crescent Heights
JTC000120,0,Crest
JTC000976,0,Crest Management
JTC000977,0,Crestline Property Management
JTC000200,0,CrestMarc Residential Inc
JTC000978,0,"CRF, Inc."
JTC000979,0,"Crowne Partners, Inc."
JTC000980,0,CS Property Management
JTC000029,1,CSM
JTC000030,0,CTL
JTC000449,0,Cushman & Wakefield
JTC000201,0,CWS Apartment Homes LLC
JTC000981,0,"Dalcor Management, LLC"
JTC000351,0,Daniel
JTC000687,0,Danly Properties
JTC000352,0,Darby Development Co. INC.
JTC000754,0,Daro Apartments
JTC000688,0,David Drye Company
JTC001188,0,David S. Brown Enterprises Ltd.
JTC000353,0,Davis Communities
JTC000202,0,Davis Development
JTC000092,0,Davlyn
JTC000267,1,DayRise Residential LLC
JTC000689,0,Decron Properties
JTC000093,0,DEI
JTC001189,0,Del Development Corporation
JTC000031,1,DEMMON
JTC000982,0,Denizen Management
JTC000203,0,Derbyshire Investments LLC
JTC000420,0,Dermot Realty Management Company 
JTC000316,0,Devonshire Real Estate
JTC000155,0,Dewey
JTC000946,0,DHS Management Communities 
JTC001190,0,Diamond Management
JTC000690,0,Dick James & Associates Inc.
JTC000983,0,Dietz Property Group
JTC000032,1,Dinerstein
JTC000354,0,Dittmar Company
JTC001191,0,DKD Property Management
JTC000691,0,dkliving
JTC001192,0,DLH Properties
JTC000204,0,DMA Property Advisors
JTC000137,0,Dobler Management
JTC000125,0,Dolben
JTC000129,1,Domain Companies
JTC000984,0,"Dominion Realty, Inc."
JTC000494,0,Dominium
JTC000461,0,Douglas Elliman Property Management
JTC000692,0,Douglas Emmett
JTC001193,0,Douthit And Company
JTC000497,0,DRA Advisors LLC
JTC001194,0,Dreyfuss Management
JTC000175,0,Drucker & Falk Real Estate
JTC000205,0,DTI Investments Inc
JTC000478,0,DTN Management
JTC001195,0,Duling-Warnock Residential
JTC000499,0,Dunlap & Magee Property Management Inc.
JTC000915,0,Dunmire Property Management
JTC000693,0,Dwell Communities
JTC000404,0,E&S Ring
JTC000355,0,Eagles management
JTC000356,0,Easlan Management
JTC000916,0,Echelon Property Group
JTC000506,0,ECI Group
JTC000985,0,Eden Housing
JTC000986,0,Edge Creek Property Management
JTC000327,0,Edgewood Management
JTC000462,0,Edison Properties
JTC000033,1,EDR
JTC000034,0,Edward Rose
JTC001295,0,Edwards Communities
JTC000791,1,Edwards Student Housing
JTC000987,0,Edwin B. Raskin Company
JTC000621,1,Eighteen Capital Group
JTC001112,0,Element National Management
JTC000565,0,Elevate Living
JTC001113,0,Elite Street Capital
JTC000988,0,Elkins Apartments
JTC000989,0,Elmington Property Management
JTC001196,0,Elms Living
JTC000642,0,Elon Property Management
JTC000990,0,Elysian Living LLC
JTC000694,0,Embrey Partners Ltd.
JTC000755,0,Emerald Fund
JTC000695,0,Emerald Properties
JTC000382,0,Emmer Group
JTC000991,0,Enfield Group
JTC000458,0,Engel Realty
JTC001197,0,Enterprise Properties
JTC000094,0,Entrada
JTC000696,0,EOS Real Estate Management Group
JTC001301,0,EPC Real Estate Company
JTC000206,0,EPMI A Bayside Company
JTC000357,0,Epoch Residential
JTC000035,0,Equity Residential
JTC001101,0,"Essence Property Management, Inc"
JTC000036,0,Essex Property Trust
JTC000697,0,Estates & Companies
JTC000629,0,Estream
JTC000756,0,Eureka Multi-Family Group
JTC001130,0,Evansville Housing Authority
JTC000387,0,Evergreen Real Estate
JTC000992,0,Evergreen Real Estate
JTC000993,0,"Evergreen Real Estate Services, LLC"
JTC000495,0,Excel Residential Servics Inc
JTC000994,0,"Excel Trust, LP"
JTC001198,0,Expressway Properties
JTC000037,0,Fairfield Residential LLC
JTC001131,0,Falkin Platnick Realty Group
JTC000207,0,Falls Apartment Group
JTC000132,0,Far West
JTC000995,0,Fat Property LLC
JTC000543,0,Fath Properties
JTC001199,0,FCI Residential Corporation
JTC000996,0,FDC Management Inc
JTC000532,0,Federal Capital Partners
JTC000463,0,Fetner Properties
JTC000358,0,Fidelity Management
JTC000280,0,Fiduciary
JTC000698,0,Fifeco Property Management
JTC000114,0,FIMC Commercial Realty
JTC000145,0,Finger Companies
JTC000329,0,Finlay Management
JTC000208,0,First Choice Management Group
JTC000647,0,First Communities
JTC000376,0,First Montgomery Group
JTC000359,0,First Pacific Group
JTC000377,0,First Pointe
JTC000699,0,First Realty Management
JTC000416,0,FirstService Residential
JTC000950,1,Fischer Properties
JTC000149,0,Flaherty Collins
JTC000153,1,Flournoy
JTC000148,0,Fogelman Management Group
JTC000147,0,Fore Property Management
JTC000997,0,Foresite Realty
JTC000038,1,Forest City
JTC010001,1,Forest City FAH
JTC010002,0,Forest City Military
JTC000700,0,Forest Properties Management
JTC000388,0,Forum Real Estate
JTC000998,0,FOSHEE RESIDENTIAL
JTC000389,1,Foulger Pratt
JTC000701,0,Foundation Communities
JTC000039,0,FPI Management
JTC000131,1,Francis Property Management
JTC001200,0,Franklin Apartment Management
JTC000702,0,Franklin Johnston Group
JTC000531,0,Freeman Webb
JTC000999,0,Friedman Management
JTC001000,0,Friedman Management Corporation
JTC000824,0,Frontier Realty LLC
JTC000703,0,Frost Chaddock Developers
JTC000544,0,Frye Property
JTC001132,0,Fuller Apartment Homes
JTC000704,0,Fusion Property Management Company
JTC000040,0,Gables Residential
JTC000130,0,Gaia
JTC000041,0,Gaines
JTC001201,0,Gainesville Real Estate Management
JTC001202,0,Galman Group
JTC000360,0,Garden Homes Management
JTC001098,0,Garden Homes Management Corp.
JTC001001,0,Gardner Management
JTC000210,0,Garner Property Management
JTC000361,0,Gaston & Wilkerson Management Group
JTC001203,0,Gatehouse Management
JTC000371,0,Gates Hudson
JTC001204,0,Gator Investments Trust
JTC001133,0,GEM Management
JTC000146,1,Gene B Glick
JTC000373,0,General Services Corporation
JTC000879,0,Genesis Properties
JTC000705,0,Gerding Edlen
JTC001002,0,GFI Capital Resources Inc
JTC000390,0,GHP Management
JTC001003,0,Gianikas Property Management
JTC000042,0,Ginkgo Residential
JTC000418,0,Glenwood
JTC000411,1,Glick-Affordable
JTC000706,0,Goldberg Companies
JTC000566,0,Goldmark Property Management
JTC000538,0,GoldOller
JTC000707,0,Goldrich & Kest Industries
JTC000708,1,"Golub Realty Services, LLC"
JTC000285,0,Gorman
JTC000825,0,GPM LLC
JTC001004,0,Grace Management
JTC000144,0,Grady Management
JTC001205,0,Graham Companies
JTC001206,0,Gran Inc.
JTC000043,0,Grand Campus
JTC000709,0,GRAND PEAKS
JTC000530,0,Granite Student Living
JTC001207,0,Grassano Management Inc.
JTC000044,0,Grayco
JTC001005,0,Grayco
JTC001134,0,Great Eastern Management Company
JTC000211,0,Greater Coastal Management Co LLC
JTC000212,0,Green & Jin Investments LLC
JTC000710,0,Green Leaf Partners
JTC001114,0,Greenbrier Management Company
JTC000547,0,Greenwood & McKenzie
JTC000045,1,Greystar
JTC000046,1,Greystar Student
JTC000526,0,Greystone
JTC000156,0,Greystone Asset
JTC000757,0,Greystone Management Group
JTC000047,1,Greystone Properties
JTC000391,0,Griffis Blessing
JTC000400,0,Griffis Residential
JTC000711,0,Griffith Real Estate Services
JTC001135,0,Gross Builders
JTC000362,0,Group Fox
JTC000758,0,Grubb Properties
JTC001136,0,Guardian Real Estate Services
JTC000169,0,Gumenick Properties
JTC000712,0,GWR Management
JTC000713,0,H. A. Langer & Associates
JTC000639,0,H.A.N.D.S.
JTC000521,0,H.G. Fenton Company
JTC000363,0,Habitat
JTC000714,0,HallKeen Management
JTC000522,0,Hamilton Point Property Management
JTC000715,0,Hammond Residential Group
JTC000523,0,Hankin
JTC000048,0,Harbor Group Management
JTC000640,0,Harper Realty Group
JTC000524,0,Harrison Richard Apartments
JTC001006,0,Harvest Properties
JTC000289,0,Hawthorne Residential Partners
JTC000826,0,Hayden Properties
JTC000948,0,Heartland Realty Investors
JTC000716,0,Heers Management Company
JTC001208,0,Hendersen-Webb Inc.
JTC000213,0,Henry S Miller
JTC001007,0,Henry S Miller
JTC000049,0,Hercules Real Estate Service Inc.
JTC001209,0,Heritage Communities
JTC000396,0,Hermann Kittle
JTC000110,0,Hettig
JTC000305,1,HHHunt
JTC000827,0,HI Management
JTC000525,0,High Associates
JTC000101,0,Hills Property Management
JTC000104,1,Hillwood
JTC000528,0,Hines
JTC000102,1,Hirschfeld
JTC000880,0,HM Equity Management LLC
JTC000631,0,Hoban Management
JTC000622,0,Hogan & Co.
JTC001210,0,Holiday
JTC000173,0,Holland Residential 
JTC000717,0,Holsten Real Estate Development Corporation
JTC000050,0,Home Properties
JTC001211,0,Homecorp Inc.
JTC000529,0,Homestead America
JTC000112,1,Horizon Realty Advisors
JTC000718,0,Horizon Realty Group
JTC000215,0,Hot Ocean Property Management
JTC000719,0,Housing Management Resources Inc.
JTC000216,0,Houston Housing Authority
JTC000374,0,HRI Properties
JTC001115,0,HSI Management Inc.
JTC000720,0,HSL Properties
JTC001212,0,Hubbard Properties
JTC000166,0,Hubbell
JTC001008,0,Hughes Management
JTC001009,0,Hughes Properties
JTC000539,0,Humphrey Management
JTC000051,1,Hunt Companies
JTC010003,1,Hunt Military
JTC000398,0,Huntington Properties
JTC001213,0,Implicity Management
JTC001214,0,Impro Synergies
JTC000295,1,IMS Management
JTC000174,0,IMT Residential 
JTC000828,0,In Good Company
JTC001010,0,Income Property Management
JTC000721,0,Incore Residential
JTC000722,0,INDIO MANAGEMENT
JTC000723,0,Inland Residential
JTC000440,0,Insula Companies
JTC000533,0,Integral Property Management
JTC001137,0,Integrated Real Estate Group
JTC001011,0,Integrity Asset Management LLC
JTC000567,0,InterMark Management Corporation
JTC001012,0,Internacional Realty Inc
JTC000217,0,Internacional Realty Inc
JTC000124,0,Investor Property Services
JTC000052,0,IPA
JTC000943,0,IREM
JTC000947,0,IRET Properties
JTC000053,0,Irvine
JTC000724,0,Irwin R Rose
JTC000218,0,Itex Property Management
JTC000219,0,J Allen Management Co Inc
JTC001013,0,J Hester Properties
JTC111111,1,J Turner Research
JTC000725,0,J.L. Woode Ltd.
JTC001138,0,Jack Bell Companies Inc
JTC000465,0,Jack Parker Corporation
JTC000829,0,James Management Group
JTC000054,1,Jamespoint
JTC000395,0,JBG Companies
JTC000303,0,JC Hart
JTC000220,0,JD Services
JTC000095,1,Jefferson Apartment Group
JTC001215,0,Jensen Properties
JTC000726,0,JLB Partners
JTC000221,0,JMG Realty Inc
JTC000106,1,Jones and Jones
JTC001014,0,Jones Apartment Management
JTC000751,0,Jones Apartment Management Corporation
JTC001216,0,Jotar Management
JTC000727,0,Journeyman
JTC001217,0,JPI Development
JTC001218,0,JPM Real Estate Services
JTC000055,0,JRK Property Holdings
JTC000222,0,JS Management Co
JTC001219,0,JTI Properties
JTC000223,0,Judwin Properties
JTC000881,0,Justus Rental Properties
JTC000415,0,JVM Realty
JTC000527,0,Kaftan Communities
JTC000364,1,Kamson
JTC001015,0,Kane Residential
JTC000096,0,Kaplan
JTC000830,0,Kaya Apartments
JTC000549,0,KC Foft Central
JTC001220,0,Keener Management
JTC000728,0,Kenneth Management Group
JTC001016,0,Kenney Properties
JTC000451,1,Kenney Realty Services
JTC000384,0,Kettler Management
JTC001017,0,"Keymark Property Management, LLC."
JTC000882,0,Kilroy Realty
JTC001018,0,Klingbell Capital Management
JTC000365,0,KMG Prestige
JTC001139,0,KMS Apartments
JTC000297,0,Knightvest Property Management
JTC001019,0,Kole Management Company
JTC000380,0,Korman Communities
JTC000375,0,Korman Residential Properties
JTC000568,0,KPM LLC
JTC000638,0,Kromer Investment Inc.
JTC000170,0,La Vue at Emerald Pointe
JTC000729,0,Lake Street Management Company
JTC000135,0,Landmark Apartment Trust
JTC000133,0,Landmark Companies
JTC001221,0,Landmark Property Management
JTC000158,0,Landmark Property Services
JTC001140,0,Landsman Real Estate
JTC001116,0,Lanestar Properties
JTC000225,0,Lankford Property Management
JTC001117,0,Lantower Residential
JTC000056,0,Laramar
JTC000831,0,Lawson Realty Corporation
JTC000226,0,LBK Management Services
JTC000227,0,LCJ Management Company
JTC000090,1,LCOR
JTC001020,0,LDG Development
JTC000626,0,LeaseStar
JTC000627,0,Leasing & Management Co. 
JTC000057,0,LEDIC Management Group
JTC001021,0,Legacy Management
JTC000366,0,Legacy Partners
JTC000759,0,Legend Asset
JTC001022,0,"Legend Asset Mangement II, LLC"
JTC001222,0,Leinbach Co.
JTC000113,0,Leman
JTC000435,0,Lennar
JTC001023,0,Lenzy Hayes Inc. & Hayes-Gibson International
JTC000731,0,Lerner Residential
JTC000899,0,Letter9
JTC000392,1,Lewis Apartment Communities
JTC000228,0,Leyendecker Management Services Inc
JTC001024,0,LI Combs & Sons Management Co.
JTC001223,0,Lifecare Services
JTC000800,1,Lifestyle Communites
JTC000832,0,Light Hill Partners
JTC001025,0,Lighthouse Property Management
JTC000058,0,Lincoln
JTC000059,0,Lindsey Management
JTC000883,0,Linebacker Equity Management
JTC000908,0,Lion Real Estate Group
JTC001298,0,Liv Communities
JTC000328,0,LivCor
JTC000732,0,Living Well Homes
JTC000393,0,Lloyd Companies
JTC001026,0,"LMS Real Estate Investment Management, LLC"
JTC001027,0,Logan Properties
JTC000229,0,LSR Houston Inc
JTC000884,0,LT Property Management
JTC001224,0,Lufkin Property Management
JTC000060,1,Luma Corp Inc.
JTC001225,0,"Lynco, Inc"
JTC000061,1,Lyon Communities
JTC000733,0,M West Holdings
JTC001141,0,M&A Real Estate Partners
JTC000833,0,M2 Property Group
JTC000062,1,MAA
JTC000230,0,MAC Property Management
JTC000399,1,MacDonald Realty Group
JTC000063,0,Madera companies
JTC000406,0,Madison Apartment Group
JTC000795,0,Madrona Ridge Residential
JTC000734,0,Magellan Development Group
JTC000834,0,Magna Properties
JTC000835,0,Main Street Realty
JTC000735,0,Maloney Properties
JTC000402,0,Management Services Corporation
JTC000736,0,Management Support
JTC001142,0,Manco Abbott Real Estate Management
JTC000103,1,Mandel
JTC001226,0,Manhattan Management
JTC001227,0,Mantle Finance Group
JTC000836,0,Mark III Mgmt. Corp.
JTC000064,0,Mark Taylor Apartments
JTC000231,0,Marquette Companies
JTC000737,0,Marquis Investments
JTC001028,0,Marquis Management Co
JTC001143,0,Marsh Properties
JTC000232,1,Martin Fein Interests Ltd
JTC000760,0,Martine Properties
JTC001029,0,Maryland Management
JTC001030,0,Mason Properties
JTC000330,0,Matrix Residential
JTC000569,0,Maven Management
JTC000122,1,Maxus Properties
JTC000738,0,Maxx Properties
JTC000233,0,MC Companies
JTC000109,1,McCaffery Interests
JTC001144,0,Mcclain Barr & Associates
JTC000837,0,McCormack Baron & Ragan Mgmt Services
JTC000838,0,McCullough Development
JTC000570,0,Mcdougal Properties
JTC000571,0,Mckenzie Apartment Company
JTC000065,0,McKinley
JTC001228,0,Mckinney Properties Inc.
JTC001031,0,MCLife
JTC000441,0,MCLife
JTC000164,1,McWhinney
JTC000066,0,MEB
JTC001229,0,Medve Group
JTC001230,0,Melo Group
JTC000739,0,Merge Management
JTC001145,0,Meridian Residential Group
JTC000234,0,Merion Realty LLC
JTC000466,0,Metro Loft Management
JTC000740,0,Metroplex
JTC001118,0,Metropolitan Properties of America
JTC000370,0,MG Properties
JTC000235,1,Michael Stevens Interests
JTC001231,0,Michaelson Group Real Estate
JTC000839,0,Mid-American
JTC000151,0,Mid-Continent Management
JTC000741,0,Middleburg Management
JTC000467,0,Middlesex Management
JTC000236,0,Midway Companies
JTC001119,0,Migneault Properties
JTC000885,0,Mike Herald Management
JTC000068,1,Milestone Management
JTC000541,1,Milhaus
JTC000237,0,Mill Creek Residential Trust
JTC001032,0,Millcraft Investments
JTC000572,0,Millennium
JTC000414,0,Miller Valentine Group
JTC000118,0,Mills
JTC000419,0,Milstein Properties/Milford Management
JTC000425,1,Mission Rock Residential
JTC001146,0,Mockingbird Management
JTC000468,0,Moinian Group
JTC000482,0,Monarch Investment & Management Group
JTC000551,0,Monarch Properties
JTC000183,0,Monogram Residential Trust
JTC001033,0,Montgomery Realtors
JTC001147,0,Monticello Asset Management
JTC000742,0,Monument Real Estate
JTC001034,0,Morgan Communities
JTC000069,1,Morgan Properties
JTC000306,1,Morganton Development
JTC001232,0,Morgenson Realty
JTC000573,0,Morguard
JTC000238,1,Mosaic Residential Inc
JTC001035,0,Moseley Trust
JTC000761,0,Moss & Company
JTC000762,0,Mosser Companies
JTC000519,0,Multi Housing Advisors
JTC000886,0,Multi-Family Mission Ministries Inc
JTC000840,0,Multifamily Management
JTC000745,1,Murn Management
JTC000763,0,My Niche Apartments
JTC000764,0,My Perfect Place
JTC000841,0,My Student Village
JTC000239,0,Myan Management Group
JTC000574,0,NALS Apartment Homes
JTC000630,0,Naperville Elderly Homes
JTC000842,0,National Asset Services
JTC000949,1,National Development
JTC000575,0,National Property Management Associates
JTC000765,0,National Rental Services
JTC001036,0,Ne Management
JTC001095,0,Neto Corp
JTC000766,0,New Forum
JTC000240,0,New Hope Housing
JTC000421,1,Newman Development Group
JTC000767,0,Nexus Property Management
JTC001037,0,NHE Property Management
JTC001233,0,Nicolosi & Fitch Inc
JTC001038,0,Nirenblatt and Hoffman
JTC000768,0,Nitya Capital
JTC000769,0,NOI Property Management LLC
JTC000070,1,Nolan
JTC000442,0,North American Properties
JTC001234,0,North Lakes Property Management
JTC000394,1,North Street
JTC000770,0,Northland Investment Corporation
JTC001302,0,NorthPoint Development
JTC001235,0,Northstar Management & Consulting
JTC001236,0,Northstar Properties Oklahoma
JTC000771,0,Northwood Ravin
JTC001237,0,Nova Asset Management
JTC001238,0,Nova Eagle Community
JTC001239,0,Nova Property Network
JTC000576,0,NTS Communities
JTC001240,0,Nu Style Development
JTC001148,0,NuRock Companies
JTC000772,0,O'Brien Realty Group
JTC000888,0,O'Neil Property Management
JTC000241,0,Oak Leaf Mgmt Co
JTC000282,0,Oakbrook
JTC001303,0,"Oakmont Investment Properties, LLC"
JTC000577,0,Oakwood Management Company
JTC000578,0,Oberer Management Services
JTC001304,0,Oddo Development
JTC000479,0,Oden Hughes
JTC000283,0,Ogden
JTC000887,0,Oglesby Management Group
JTC000242,0,Oldham Goodwin Group LLC
JTC000774,0,Olen Living
JTC001039,0,Oliver McMillan
JTC000775,0,OliverMcMillan
JTC001241,0,Olympic Management Company
JTC000167,0,Olympus
JTC000071,1,Omnium
JTC001242,0,Orion Residential
JTC000579,0,Ovation Property Management
JTC001040,0,Owner's Management
JTC000481,1,Owner's Management Company
JTC000843,0,Oxford Enterprises Management
JTC000580,0,PAC Properties
JTC000157,1,Pace Realty
JTC000628,0,Pacific Living Properties
JTC001149,0,Pacific Team Management Company
JTC000581,0,Pacifica SD Management
JTC000105,0,Palms
JTC000426,0,Pan American Properties
JTC000409,0,Panther Properties
JTC000582,0,Pantzer Properties
JTC001243,0,Paradigm Companies
JTC001244,0,Paradigm Management
JTC000583,0,Paragon Properties
JTC000844,0,Paragus Property Mgmt
JTC000097,1,Parawest
JTC000845,0,Park Properties Management Company
JTC000776,0,Parry Holdings
JTC000846,0,Partnership Concepts Realty Mgmt
JTC000450,0,Passco
JTC000747,0,Pathfinder Partners LLC
JTC000777,0,Paul Ash Management Company LLC
JTC000072,1,PB BELL
JTC000778,0,Peabody Properties
JTC000098,1,Peak Campus
JTC001245,0,Peak Living Capital Partners
JTC001246,0,Peak Management
JTC001041,0,Pearl Companies
JTC000779,0,Pedcor Homes Corporation
JTC000243,0,Pegasus Residential
JTC001247,0,Pem Real Estate Group
JTC000469,0,Penmark Realty
JTC001248,0,Pentalon Management
JTC000780,0,Perennial Properties
JTC001249,0,Perimeter Realty Inc.
JTC000443,0,Perrel Management
JTC000781,0,Petwin Properties
JTC000889,0,Pfister & Company
JTC001042,0,Phillips Management Group
JTC000074,0,Picerne Real Estate Group
JTC001250,0,Pickering & Company
JTC000099,1,Pierce
JTC000584,0,Pillar Communities
JTC000459,0,Pillar Property
JTC000434,0,Pinnacle International
JTC000136,1,Pinnacle Properties
JTC000955,1,Pioneer Acquisitions LLC
JTC000847,0,Pioneer Property Management
JTC001251,0,Place Properties
JTC000782,0,PLK Communities
JTC001150,0,Ploeg Property Management
JTC000953,1,PM Realty Group
JTC000585,0,PMI Proffesional Management
JTC001043,0,PMR Companies
JTC001296,0,Point Reyes Residential
JTC000783,0,Polaris Property Management
JTC000586,0,Polinger Company
JTC000163,1,Portico
JTC000107,0,Post Properties
JTC000784,0,Power Properties
JTC000848,0,Prado Group
JTC000785,0,Prairie Management
JTC001252,0,Precision Equity
JTC000171,0,Preferred Apartment Communities
JTC000484,0,Preiss Company
JTC000587,0,Premier Apartment Living
JTC001044,0,"Premier Properties, LLC"
JTC001045,0,Premier Property Management
JTC000284,0,Premier Real Estate Management
JTC000244,0,Presidium Property Management
JTC000534,0,Preston Giuliano Capital Partners
JTC000317,0,PRG Real Estate Management
JTC000588,0,Price Brothers Management
JTC001253,0,Price Edwards
JTC000318,0,Price Realty
JTC000786,0,Priderock Capital Partners
JTC000300,0,Prime Residential
JTC000849,0,Princeton Enterprises
JTC000589,0,Princeton Properties
JTC001254,0,Pringle Properties
JTC000787,0,Pro Residential
JTC000850,0,Professional Property Management
JTC001255,0,Progressive Management Of America
JTC000075,0,Prometheus
JTC000746,0,Property West Residential
JTC000590,0,Protea Real Estate
JTC001046,0,Provence real estate
JTC000245,0,Providence Management Company
JTC001047,0,PRP Real Estate Management
JTC000625,0,PRP Real Estate Management
JTC001120,0,QuadCo Management Solutions
JTC001256,0,Quarterpenny Management
JTC001257,0,Quest Asset Management Inc.
JTC001048,0,QUEST MANAGEMENT GROUP
JTC000591,0,Quintus Corporation
JTC000592,0,R and V Management Corporation
JTC001049,0,R Investments
JTC000246,0,Radney Mgmt & Investments Inc
JTC000788,0,Rainier Management
JTC000247,0,RAIT Residential
JTC000126,0,RAM Partners
JTC001050,1,Ram Realty Services
JTC001258,0,Rath Harper And Associates
JTC000089,1,RCMI
JTC000165,1,RE Carroll Management
JTC000851,0,Real Estate Equities
JTC000852,0,Real Property Management
JTC000853,0,RealAmerica Management
JTC000805,0,RealSource Management
JTC000444,0,Red Peak Properties
JTC000546,0,Redstone Residential
JTC001305,0,Redwood Apartment Homes
JTC000518,0,Regency Consolidated Residential
JTC001259,0,Regional Management Inc.
JTC000128,0,Reinhold
JTC001260,0,Reliant Realty Services
JTC000890,0,Relik Realty
JTC001151,0,Remi Properties
JTC000891,0,Renaissance Property Management
JTC001051,0,Research Properties
JTC000293,0,Reside Living
JTC000248,0,Residence Property Company
JTC000116,0,Residential Housing Authority
JTC000854,0,Residential One
JTC000593,0,Resource Residential
JTC000594,0,Rexburg Housing
JTC001261,0,Rich Properties Fl
JTC001052,0,Richards and Robbins
JTC000298,0,Richdale
JTC000249,0,Richmark Properties
JTC000100,0,RIM
JTC000855,0,Ripley and Heatwole
JTC000796,1,RISE Real Estate Company
JTC000595,0,Rivercrest Realty Associates
JTC000596,0,RK Properties
JTC000367,0,RMK
JTC000856,0,Robbins Property Associates
JTC000597,0,Robert Hancock & Co.
JTC001262,0,Rochester's Cornerstone Group
JTC000168,0,Rockbridge Group
JTC000470,0,Rockrose
JTC000405,1,Rockstar Capital
JTC000250,0,Rockwell Management Corp
JTC000598,0,Rockwood Capital
JTC001306,0,Rockwood Partners
JTC000748,0,ROCO Real Estate
JTC000857,0,Roscoe Properties
JTC000632,0,Rose & Womble Realty Company
JTC000412,0,Rose Associates
JTC000471,0,Roseland Property Company
JTC000599,0,Roseland Residential Trust
JTC001152,0,Rosetti Properties
JTC000951,0,Ross Companies
JTC000600,0,Rouse Management
JTC001263,0,Royal American Management
JTC001153,0,Royal T Management
JTC000743,1,Royse & Brinkmeyer
JTC001264,0,RP Management
JTC000858,0,RPS Inc
JTC000601,0,RSI Resident Services
JTC001053,0,Ruiz Investment Group
JTC000602,0,RW Selby & CO
JTC001154,0,S&H Realty Management
JTC001054,0,S&S Property Management
JTC001055,0,"S2 Capital, LLc."
JTC000159,1,Sack Properties
JTC000859,0,Samaritan Companies
JTC001056,0,Samuel Geltman & Company
JTC001265,0,San Miguel Management
JTC001266,0,Sandalwood Management Inc.
JTC000077,0,Sares-Regis
JTC001155,0,Satellite Management Company
JTC000900,0,Saturday Properties
JTC001267,0,Saul Silber Properties
JTC000251,0,Scenic Property Group
JTC000603,0,Schatten Properties
JTC000604,0,Schroeder Management
JTC001268,0,Scotia Group
JTC001269,0,Scott Management Inc.
JTC000823,0,Scully Company
JTC000637,0,Sealy Management Co.
JTC000138,0,Seldin Company
JTC000139,0,Sentinel Real Estate Corporation
JTC000378,0,Sequoia Equities
JTC000860,0,Shamrock Property Management
JTC000078,0,Shea Apartments
JTC000861,0,Sheehan Property Mgmt
JTC001057,0,Sheiner Group
JTC000140,0,Shelter Group
JTC000004,0,Shelton-Cook
JTC000862,0,Sheng-Raamco Management Inc
JTC001058,0,Sherman Residential
JTC000397,0,Shodeen
JTC000863,0,Signature Management Corp
JTC000952,1,Signature Property Group
JTC000472,0,Silverstein roperties
JTC001059,0,SIMC Management LLC
JTC000864,0,Simons Real Estate Group
JTC001270,0,Simply Better Management
JTC000252,0,Simpson Property Group
JTC000473,0,Skyline Management
JTC000424,0,SL Nusbaum
JTC001060,0,Slater Realty & Investments
JTC001061,0,Slavik Management
JTC001062,0,Slavin Residential
JTC000253,0,Slavin Residential
JTC000605,0,SMG Management
JTC000254,0,SMI Realty Management
JTC001271,0,Somerset Apartment Management
JTC001272,0,South Group Apartments
JTC000079,1,South Hampton
JTC001121,0,South Oxford Management
JTC000423,0,Southern Management Corporation
JTC000606,0,Southgate Realty
JTC000255,0,SouthStar Management Inc
JTC001063,0,"SouthStar Management, LLC"
JTC001064,0,Southwood Realty
JTC000286,1,Sovereign Property Management LLC
JTC001122,0,Sphinx Development Corporation
JTC001065,0,SPM Property Management
JTC001066,0,St. Anton Multifamily
JTC001156,0,State Street Properties
JTC000319,0,Steadfast Companies
JTC000892,0,Stellar Equity Management LLC
JTC000474,0,Stellar Management
JTC001067,0,Steller Interests
JTC000445,0,StevenScott Mangement
JTC000865,0,StoneCreek Communities
JTC000294,1,Stonemark Management
JTC001273,0,Stoneriver Property Management
JTC000299,0,Stout Management
JTC000893,0,Strat Property Management
JTC000792,0,Strategic Management Partners
JTC000917,0,Strategic Property Services Group
JTC000909,0,Stratham Group
JTC001157,0,Struga Management
JTC001094,0,Stuart Company
JTC000607,0,Sudberry Properties
JTC000608,0,Summit Real Estate Management
JTC000141,0,Sunchase
JTC001068,0,Sundance Capital Group
JTC000256,0,SunRidge Management Group Inc
JTC000080,0,Sunrise Management
JTC000555,0,SYNCO Properties
JTC001069,0,"T.R. McKenzie, Inc."
JTC001164,0,Tandem Properties
JTC000609,0,Tarragon Property Services
JTC001070,0,TBC Property Management
JTC001274,0,Ten Federal Management
JTC1354546536,0,Test CDB2
JTC12345,0,test company for RT
jtc1354546534,0,Testing cdb company
JTC000257,0,Texas Inter-Faith Housing Corp
JTC000417,0,TF Cornerstone
JTC000490,0,TGM Associates
JTC000918,0,Thalhimer
JTC000556,0,The Altman Companies
JTC000919,0,The Apartment Gallery
JTC001275,0,The Apartment House
JTC000920,0,The Ardizzone Group
JTC000921,0,The Brickyard - EV
JTC001158,0,The Cabot Group
JTC000483,0,The Community Builders
JTC000081,0,The ConAm Group
JTC001276,0,The Cornerstone Group
JTC000641,0,The DeBruler Company
JTC000636,1,The Donaldson Group
JTC000922,0,The Dragas Companies
JTC000923,0,The Ferndale Realty Group
JTC000924,0,The Finch Group
JTC001096,0,The FLATS
JTC001071,0,The Gambone Group
JTC000610,0,The Garibaldi Company
JTC001072,0,The Gateway Companies
JTC000123,0,The Goodman Group
JTC001073,0,The Hamilton Company
JTC000432,1,The Hanover Company
JTC000259,0,The Hayman Company
JTC000453,0,The Hodges Companies
JTC000288,0,The John Stewart Company
JTC000475,0,The Kibel Company
JTC000611,0,The Klein Company
JTC001074,0,The Legend Group
JTC000082,1,The Lynd Company
JTC001277,0,The Mahaffey Company
JTC000612,0,The Manor Group
JTC001075,0,"The Martin Group, Inc."
JTC000067,0,The Michaels Organization
JTC000119,0,The Michelson Organization
JTC000925,0,The Molasky Group of Companies
JTC000134,1,The Morgan Group
JTC000260,0,The NRP Group
JTC001159,0,The Paskin Group
JTC001076,0,The Pinheiro Group Inc.
JTC000553,0,The Radco Companies
JTC000083,1,The Related Companies
JTC000548,0,The Remm Group
JTC000111,0,The Scion Group
JTC000926,0,The Sexton Companies
JTC000430,1,The Sterling Group
JTC001077,0,The Worthing Companies
JTC000261,0,THP PM Group LLC
JTC000401,0,Thrive
JTC001078,0,Tiempo Development & Management
JTC001278,0,Timberland Partners
JTC000262,0,Tipton Asset Group Inc
JTC000927,0,Titan Management
JTC001079,0,TLC Management Co.
JTC000614,0,TLC Properties
JTC001080,0,TM Real Estate Group
JTC001279,0,TMC Management
JTC000372,0,Tonti Properties
JTC001162,0,Topaz Asset Management
JTC000615,0,Tower Properties
JTC000410,0,Towne Properties
JTC001081,0,Trademark Residential
JTC000550,0,Trammell Crow Residential
JTC001280,0,Tramor Properties
JTC000454,0,Tri-City Rental
JTC000928,0,Triangle Associates
JTC000331,0,Tribridge Residential
JTC000320,0,Tribute Properties
JTC001082,0,Tricap Residential Group
JTC001281,0,Trilogy Real Estate Group
JTC000929,0,Trinitas Ventures
JTC001283,0,Trinity Management
JTC001282,0,Trinity Management Company
JTC000263,0,Trinity Property Consultants
JTC001160,0,"TRIO Properties, LLC"
JTC001083,0,Trion Properties
JTC000930,0,Triumph Equity Management
JTC000910,0,Triumph Properties Group
JTC000540,0,Trivest McNeil Real Estate
JTC000304,0,TVO Capital
JTC000515,0,TVO Realty Partners
JTC000931,0,TWG Management
JTC001084,0,Tzadik Management
JTC000264,0,UAH Property Management LP
JTC000084,0,UDR
JTC000265,0,United Apartment Group Inc
JTC000645,0,United Church Homes Affordable Housing Communities
JTC001085,0,United Group
JTC001284,0,United Management
JTC001285,0,United Property Management
JTC000446,0,United Residential Properties
JTC000431,1,University Communities LLC
JTC000321,0,Univesco
JTC000152,0,US Residential
JTC001097,0,USAA Real Estate 
JTC000616,0,Van Metre Management Company
JTC000933,0,Van Rooy Properties
JTC000934,0,Vanguard Realty
JTC001286,0,Vantage Management
JTC000408,1,Vargos Apartments
JTC000935,0,Varin Property Management
JTC000266,0,Venterra Realty
JTC001287,0,Ventron Management
JTC001288,0,Venture Management
JTC000617,0,Vertex Property Management
JTC000936,0,Vesta Corporation
JTC000268,0,Villa Serena Communities
JTC000085,0,Village Green
JTC000866,0,Virtu Property Management
JTC000749,0,Visionary Home Builders
JTC000269,0,VN Teamwork Inc
JTC001086,0,Volunteer Properties
JTC000643,0,Volunteers Of America
JTC000932,0,VTT Properties
JTC000618,0,Waddell Properties
JTC001123,0,WAK Management
JTC000270,0,Walker Holder Residential
JTC000789,0,Wallick Communities
JTC000291,0,Walton Communities
JTC001289,0,Warren Properties
JTC000296,0,Wasatch Property Management
JTC000867,0,Watermark Residential
JTC000115,0,Waterton Residential
JTC001087,0,Watkins Realty Services
JTC000160,1,Waypoint Residential
JTC000447,0,WC Smith
JTC001290,0,Webb Ellis
JTC000322,0,Wehner Multifamily
JTC000142,0,Weidner Apartment Homes
JTC000868,0,Weigand-Omega Management
JTC001088,0,Weinstein Properties
JTC000448,0,Weinstein Properties
JTC000869,0,Weiss Entities
JTC000428,0,Weller Residential Housing & Apartments
JTC001291,0,Wellington Advisors
JTC001161,0,Wells Asset Management
JTC001089,0,Wesley Apartment Homes
JTC000271,0,West Plaza Mgmt
JTC000273,0,WestCorp Management Group
JTC000086,0,Westdale Real Estate
JTC000087,0,Western National Group
JTC000274,0,Western Rim Property Service
JTC000870,0,Westlake Housing LP
JTC000894,0,Westminster Management LLC
JTC000436,0,Westover Companies
JTC000323,0,Westwood Residential
JTC000895,0,White Oak Development
JTC000275,0,Whiteco Residential
JTC000871,0,Whitney Management Corp
JTC001299,1,Wilcox Communities
JTC000292,0,Wilkinson Asset Management Company LLC
JTC001090,0,Wilkinson Real Estate Advisors
JTC001091,0,WillMax Capital Management
JTC000276,0,WillMax Capital Management
JTC000281,0,Wimmer
JTC000143,0,Windsor
JTC001292,0,Winfield Living
JTC000872,0,Wingate Companies
JTC000088,0,Winn Companies
JTC000277,0,Winther Investment Inc
JTC001092,0,Winther Investment Inc
JTC000278,0,Winthrop Management
JTC000896,0,WLS Interests Inc
JTC000452,0,Wood Partners
JTC000911,0,Woodbury Property Management
JTC000368,0,Woodmont
JTC000790,0,Woodmont Properties
JTC000898,0,Woodruff Properties
JTC001093,0,Woodward Management Partners
JTC001293,0,Wooten Property Management
JTC000744,0,WPM Real Estate
JTC000279,0,WRH Realty Services Inc
JTC000108,0,YARCO
JTC001294,0,YMP Real Estate Management
JTC000912,0,York Properties
JTC000619,0,YorkTowne Properties
JTC001102,1,Zavala Management
JTC000897,0,Zidan Management Group
JTC000154,0,ZRS Management
